Comment,Designator,Footprint,LCSC,Quantity
MWSA0603-100MT,L1,L_Sumida_CDMC6D28_7.25x6.5mm,C132141,1
MAX16820ATT,U1,SON95P300X300X80-7N,C143371,1
10k0,R2,R_0805_2012Metric,C17414,1
4n70,C7,C_0805_2012Metric,C1744,1
4k75,R5,R_0805_2012Metric,C17672,1
68k1,R4,R_0805_2012Metric,C17771,1
825k,R3,R_0805_2012Metric,C17835,1
SS54,D1,D_SMA,C22452,1
LED blau,D2,LED_0805_2012Metric,C2293,1
22u0 / 25V,"C4,C5",C_0805_2012Metric,C45783,2
100n,"C2,C6",C_0805_2012Metric,C49678,2
0R070,R1,R_2512_6332Metric,C76251,1
22u0 / 25V,C1,C_0805_2012Metric,C90143,1
Conn_02x03_Odd_Even,J3,PinHeader_2x03_P2.00mm_Vertical_SMD,,1
ATtiny1616-M,U2,VQFN-20-1EP_3x3mm_P0.4mm_EP1.7x1.7mm,,1
M1,H1,MountingHole_3.2mm_M3,,1
M2,H2,MountingHole_3.2mm_M3,,1
BSC022N04LSATMA,Q1,TDSON-8-1,,1
470r,R8,R_0805_2012Metric,,1
TestPoint,TP1,TestPoint_Pad_1.0x1.0mm,,1
Conn_01x05,J4,PinHeader_1x05_P2.00mm_Vertical,,1
TestPoint,TP4,TestPoint_Pad_1.0x1.0mm,,1
LED+,J1,TestPoint_Plated_Hole_D3.0mm,,1
LED-,J2,TestPoint_Plated_Hole_D3.0mm,,1
